link,name,price
/cs/e90e2406b6685cf3x.htm#fr_page=list&fr_pos=city&fr_no=0,日产 轩逸 2016款 1.6XL CVT豪华版,7.93
/cs/0471d3035d29b817x.htm#fr_page=list&fr_pos=city&fr_no=1,本田 凌派 2016款 1.8L CVT舒适版,8.70
/zibo/452580c10d1912f5x.htm#fr_page=list&fr_pos=city&fr_no=2,本田 飞度 2016款 1.5L LXS CVT舒适天窗版,7.68
/tangshan/1382d5725b31c5eax.htm#fr_page=list&fr_pos=city&fr_no=3,奥迪A3 2019款 Limousine 35 TFSI 进取型 国V,15.50
/hf/86598853cd191634x.htm#fr_page=list&fr_pos=city&fr_no=4,本田 凌派 2016款 1.8L CVT舒适版,7.88
/cd/318d294124d4afd3x.htm#fr_page=list&fr_pos=city&fr_no=5,众泰T700 2017款 1.8T 双离合尊享型,8.68
/yc/3ce44f857be16800x.htm#fr_page=list&fr_pos=city&fr_no=6,哈弗 哈弗H6 2019款 1.5T 手动,8.58
/tj/150326175b410609x.htm#fr_page=list&fr_pos=city&fr_no=7,本田 竞瑞 2017款 1.5L CVT舒适版,8.70
/nj/4081ff2b0991a6b4x.htm#fr_page=list&fr_pos=city&fr_no=8,日产 劲客 2017款 1.5L CVT智领版,9.99
/jn/09426c652ca5ecb7x.htm#fr_page=list&fr_pos=city&fr_no=9,大众 凌渡 2015款 280TSI 手动舒适版,9.10
/tj/e0fe140ad7229b9dx.htm#fr_page=list&fr_pos=city&fr_no=10,现代 朗动 2016款 1.6L 自动尊贵型,7.95
/cs/a256e7c892ea3807x.htm#fr_page=list&fr_pos=city&fr_no=11,标致408 2016款 1.6T 自动豪华版,7.58
/su/e1b06a554a1d5093x.htm#fr_page=list&fr_pos=city&fr_no=12,奥迪A3 2019款 Limousine 35 TFSI 时尚型 国V,16.98
/dg/a16942f5b3f66e99x.htm#fr_page=list&fr_pos=city&fr_no=13,本田 缤智 2015款 1.5L CVT两驱舒适型,9.60
/jstaizhou/cb5bcc78e2619326x.htm#fr_page=list&fr_pos=city&fr_no=14,大众 朗逸 2015款 1.6L 自动舒适版,7.60
/xa/a974f7b759259547x.htm#fr_page=list&fr_pos=city&fr_no=15,哈弗M6 2018款 改款 1.5T DCT两驱精英型,6.60
/zhongshan/30732e0e216462cdx.htm#fr_page=list&fr_pos=city&fr_no=16,起亚K3 2017款 1.6L 自动15周年特别版GLS,7.99
/handan/5ada3591f1025c12x.htm#fr_page=list&fr_pos=city&fr_no=0,别克 威朗 2020款 20T CVT豪华型,10.75
/sjz/723fb84dde8eb09ax.htm#fr_page=list&fr_pos=city&fr_no=17,起亚K3 2016款 1.6L 自动GLS,7.55
/cq/0fad16e4975e54c4x.htm#fr_page=list&fr_pos=city&fr_no=18,哈弗H6 2018款 运动版 1.5T 自动两驱精英型 国V,8.19
/xa/01183df9c9020b67x.htm#fr_page=list&fr_pos=city&fr_no=19,大众 朗逸 2015款 1.6L 自动舒适版,8.35
/sz/2367c8b48dc80febx.htm#fr_page=list&fr_pos=city&fr_no=20,雪佛兰 迈锐宝XL 2019款 535T CVT锐动版,11.32
/zhongshan/141ea004d90aea41x.htm#fr_page=list&fr_pos=city&fr_no=21,别克 威朗 2017款 三厢 15S 自动进取型,7.55
/liaocheng/8178bd74a8ddca47x.htm#fr_page=list&fr_pos=city&fr_no=22,大众 宝来 2015款 质惠版 1.6L 自动时尚型,6.90
/bj/192e03f2671017bbx.htm#fr_page=list&fr_pos=city&fr_no=23,大众 高尔夫 2014款 1.4TSI 豪华旅行版(进口),12.80
/wei/834b0a9c9d7bd339x.htm#fr_page=list&fr_pos=city&fr_no=24,大众POLO 2018款 1.5L 自动安驾型,7.20
/dl/4bb93346ea487bfcx.htm#fr_page=list&fr_pos=city&fr_no=25,别克 威朗 2015款 三厢 15S 自动领先型,7.28
/xuzhou/8ab9f58a75cc3840x.htm#fr_page=list&fr_pos=city&fr_no=26,大众 朗逸 2013款 改款经典 1.6L 自动风尚版,8.00
/suqian/6aa7ed35614c32d6x.htm#fr_page=list&fr_pos=city&fr_no=27,现代 名图 2014款 1.8L 自动尊贵型DLX,8.30
/hf/a2926a1fe9878d68x.htm#fr_page=list&fr_pos=city&fr_no=28,大众 帕萨特 2016款 330TSI DSG尊荣版,14.58
/jn/7a710a85eec16bf4x.htm#fr_page=list&fr_pos=city&fr_no=29,现代 悦纳 2016款 1.4L 手动炫酷版GLS,5.48
/ty/aae9e7d06e702447x.htm#fr_page=list&fr_pos=city&fr_no=30,雪佛兰 迈锐宝 2018款 530T 自动豪华版,9.50
/xa/7cfac8ca033c989cx.htm#fr_page=list&fr_pos=city&fr_no=31,起亚 智跑 2015款 2.0L 自动两驱版DLX,11.00
/sy/45ba8787860ff35fx.htm#fr_page=list&fr_pos=city&fr_no=32,奥迪A4L 2016款 35 TFSI 自动标准型,16.50
/xm/9efe2cc1e8488b85x.htm#fr_page=list&fr_pos=city&fr_no=33,标致2008 2014款 1.6L 自动时尚版,7.80
/wh/abd6b3d9e0442e3cx.htm#fr_page=list&fr_pos=city&fr_no=34,丰田 凯美瑞 2019款 2.0G 豪华版 国VI,19.98
/tangshan/5a663af1f8d841b9x.htm#fr_page=list&fr_pos=city&fr_no=35,丰田 亚洲龙 2019款 双擎 2.5L 豪华版 国VI,24.30
/cs/83e960a9580053a5x.htm#fr_page=list&fr_pos=city&fr_no=36,别克GL6 2018款 18T 6座豪华型,10.28
/changzhou/24187fdb9e0c5ba2x.htm#fr_page=list&fr_pos=city&fr_no=37,别克 昂科威 2016款 20T 两驱精英型,12.78
/dl/0b5a92007a213bf0x.htm#fr_page=list&fr_pos=city&fr_no=1,凯迪拉克XTS 2017款 28T 技术型,17.80
/jn/f23aa685d9195a9ax.htm#fr_page=list&fr_pos=city&fr_no=2,大众 速腾 2009款 1.6L 自动舒适型,3.28
/su/240fa03b622ff401x.htm#fr_page=list&fr_pos=city&fr_no=3,雪铁龙C3-XR 2015款 1.6L 自动先锋型,7.60
/cq/2fc7064d7babcd4ax.htm#fr_page=list&fr_pos=city&fr_no=4,哈弗H1 2016款 蓝标 1.5L AMT豪华型,4.15
/dg/6a4c1fe89451a3fcx.htm#fr_page=list&fr_pos=city&fr_no=5,日产 轩逸 2018款 1.6XV CVT尊享版,9.80
/luzhou/56c55370a1ab48f6x.htm#fr_page=list&fr_pos=city&fr_no=6,东风风行 菱智 2018款 M5L 1.6L 7座舒适型,5.68
/wh/e8d2e0c1bbff804ax.htm#fr_page=list&fr_pos=city&fr_no=7,奔驰CLA级 2017款 CLA 220 4MATIC(进口),23.70
/qd/0b5b632c04666e6cx.htm#fr_page=list&fr_pos=city&fr_no=8,斯柯达 晶锐 2017款 1.4L 手动车享版,4.20
/sh/52a0a5bb482c2f06x.htm#fr_page=list&fr_pos=city&fr_no=9,奔驰GLE级 2016款 GLE 450 AMG 4MATIC(进口),59.60
/su/814f48a17654ad37x.htm#fr_page=list&fr_pos=city&fr_no=10,福特 嘉年华 2013款 两厢 1.5L 手动风尚型,4.80
/sjz/72ed8746090f2857x.htm#fr_page=list&fr_pos=city&fr_no=11,吉利 远景X3 2019款 升级版 1.5L CVT精英型,5.78
/hrb/f1a89f22e23dec36x.htm#fr_page=list&fr_pos=city&fr_no=12,别克 凯越 2013款 1.5L 自动经典型,3.95
/zibo/e3ae739dbaf7109cx.htm#fr_page=list&fr_pos=city&fr_no=13,大众 捷达 2013款 1.6L 自动时尚型,4.70
/linfen/877d02e192d445b7x.htm#fr_page=list&fr_pos=city&fr_no=14,本田 杰德 2014款 1.8L 自动舒适精英版 5座,9.99
/nn/53c370a9d235a5d4x.htm#fr_page=list&fr_pos=city&fr_no=38,起亚KX3 2015款 1.6L 自动Special,7.48
/rizhao/8acb1d1db59c7512x.htm#fr_page=list&fr_pos=city&fr_no=39,别克 君越 2016款 20T 精英型,13.68
/cs/40cb6c60c0d1f17dx.htm#fr_page=list&fr_pos=city&fr_no=0,大众 帕萨特 2017款 280TSI DSG尊荣版,14.88
/suqian/73f0e8da7d867d41x.htm#fr_page=list&fr_pos=city&fr_no=0,吉利 远景 2015款 1.5L 手动精英型,3.35
/nantong/c6109bb134fd8b46x.htm#fr_page=list&fr_pos=city&fr_no=15,奔驰C级 2018款 C 200 L 运动版 成就特别版,28.80
/dg/9a417f7ee3e68e38x.htm#fr_page=list&fr_pos=city&fr_no=16,吉利 远景 2018款 1.5L 自动幸福版,4.88
/cs/f96ac9ae67bf6736x.htm#fr_page=list&fr_pos=city&fr_no=17,哈弗H6 2017款 红标 运动版 1.5T 自动两驱豪华型,7.38
/suqian/388e71226db32b19x.htm#fr_page=list&fr_pos=city&fr_no=18,吉利 帝豪GS 2017款 运动版 1.3T 自动智联型,6.98
/handan/951c4027bebbbd10x.htm#fr_page=list&fr_pos=city&fr_no=19,奇瑞 瑞虎5 2014款 2.0L 手动家悦版,4.38
/weifang/1904b5370f6bfe2cx.htm#fr_page=list&fr_pos=city&fr_no=20,本田 雅阁 2018款 锐·混动 2.0L 锐智版 国VI,22.00
/jinhua/2396f09ae8caf5d9x.htm#fr_page=list&fr_pos=city&fr_no=21,奔驰GLC级 2020款 GLC 260 L 4MATIC 豪华型,41.80
/nj/97d3832d739c825fx.htm#fr_page=list&fr_pos=city&fr_no=22,凯迪拉克CT6 2017款 28T 豪华型,25.00
/dg/6d9432a819fda8f4x.htm#fr_page=list&fr_pos=city&fr_no=23,大众 宝来 2014款 1.6L 自动舒适型,6.50
/jining/d3523d35936d65b7x.htm#fr_page=list&fr_pos=city&fr_no=24,金杯 小海狮X30 2013款 1.3L标准型,1.68
/cs/ffd9002266dfe937x.htm#fr_page=list&fr_pos=city&fr_no=25,日产 轩逸 2018款 1.6XE CVT舒适版,8.88
/dl/4920961d27a46e8ax.htm#fr_page=list&fr_pos=city&fr_no=26,别克 昂科威 2017款 20T 两驱领先型,13.60
/hf/9d700c6752b94d90x.htm#fr_page=list&fr_pos=city&fr_no=27,大众POLO 2016款 1.4L 自动风尚型,6.18
/sz/bea10c1be45d0705x.htm#fr_page=list&fr_pos=city&fr_no=28,大众 高尔夫 2012款 1.4TSI 自动舒适型,6.38
/hrb/b9b666d77ab15c21x.htm#fr_page=list&fr_pos=city&fr_no=29,别克 昂科拉 2013款 1.4T 自动两驱精英型,5.00
/wx/f8ad183262af8f66x.htm#fr_page=list&fr_pos=city&fr_no=30,丰田 卡罗拉 2016款 双擎 1.8L CVT精英版,10.50
/handan/18c9ba494f3b2163x.htm#fr_page=list&fr_pos=city&fr_no=31,大众 迈腾 2018款 改款 330TSI DSG 豪华型,17.75
/bj/64a9c9f1833a63bcx.htm#fr_page=list&fr_pos=city&fr_no=32,起亚 索兰托 2012款 2.4L 汽油至尊版(进口),8.80
/jstaizhou/e5ffb8f947b1de57x.htm#fr_page=list&fr_pos=city&fr_no=33,宝马3系 2019款 320Li M豪华套装,26.80
/changzhou/380063edaa24a1a7x.htm#fr_page=list&fr_pos=city&fr_no=34,红旗H5 2019款 30TD 灵动版,12.90
/zz/3f9a69233ec3286cx.htm#fr_page=list&fr_pos=city&fr_no=1,宝骏310 2017款 1.5L 自动豪华型,4.15
/cs/4610d3c838bb2a5bx.htm#fr_page=list&fr_pos=city&fr_no=2,雪佛兰 科沃兹 2020款 Redline 325T 自动欣耀版 国VI,6.45
/yc/baf2faed342b17c3x.htm#fr_page=list&fr_pos=city&fr_no=3,Smart smart fortwo 2012款 1.0 MHD 硬顶舒适版,4.98
/baotou/2099fccf200b5a42x.htm#fr_page=list&fr_pos=city&fr_no=4,本田 雅阁 2018款 260TURBO 精英版 国VI,17.80
/nc/1cb4b72f5d10a723x.htm#fr_page=list&fr_pos=city&fr_no=5,别克 君威 2015款 2.0L 精英时尚型,8.58
/yc/259cb5246257b7c3x.htm#fr_page=list&fr_pos=city&fr_no=6,哈弗H6 2018款 运动版 1.5T 手动两驱精英型 国V,8.58
/taian/b7669cc4d75af419x.htm#fr_page=list&fr_pos=city&fr_no=7,大众 T-ROC探歌 2019款 280TSI DSG四驱舒适型 国V,14.70
/cs/ef40db94f7ef99c5x.htm#fr_page=list&fr_pos=city&fr_no=8,别克GL8 2017款 ES 28T 豪华型 国V,33.80
/hf/02316410cb69f6f5x.htm#fr_page=list&fr_pos=city&fr_no=9,别克GL8 2020款 Avenir艾维亚 四座尊礼版,56.98
/suqian/566d4ac8b0d81e90x.htm#fr_page=list&fr_pos=city&fr_no=10,大众 速腾 2017款 230TSI 自动舒适型,10.55
/nantong/74c27d01bfc1e41ex.htm#fr_page=list&fr_pos=city&fr_no=11,传祺GM8 2020款 领航款 390T 尊贵版,21.60
/cs/13fb9987d1241c20x.htm#fr_page=list&fr_pos=city&fr_no=12,别克 英朗 2018款 18T 自动精英型,6.86
/wh/21b626aa4feafe37x.htm#fr_page=list&fr_pos=city&fr_no=13,一汽 威志V2 2010款 1.3L 手动舒适型,0.80
/sh/d423a78945b64412x.htm#fr_page=list&fr_pos=city&fr_no=14,大众 途安 2013款 1.4T 自动睿智版5座,7.80
/bj/ba678286bbde6b17x.htm#fr_page=list&fr_pos=city&fr_no=15,大众 迈腾 2015款 改款 1.8TSI 豪华型,12.80
/dl/755d3d92d8cabc61x.htm#fr_page=list&fr_pos=city&fr_no=16,别克 威朗 2015款 三厢 15S 自动进取型,7.38
/zz/bfe30eb83589bc8bx.htm#fr_page=list&fr_pos=city&fr_no=17,道奇挑战者3.6L自动(平行进口),44.80
/quanzhou/ecffbaf09d62cf63x.htm#fr_page=list&fr_pos=city&fr_no=18,雪佛兰 科沃兹 2019款 320 自动欣悦版,6.80
/sy/4fa9d1db7c9a701ax.htm#fr_page=list&fr_pos=city&fr_no=19,大众 途锐 2010款 3.6 限量顶配版(进口),15.60
/sjz/b1a99090963d29d2x.htm#fr_page=list&fr_pos=city&fr_no=20,大众 朗逸 2018款 经典 1.5L 自动风尚版 国VI,8.80
/dl/a06b8f0efdf3a1b6x.htm#fr_page=list&fr_pos=city&fr_no=21,起亚 索兰托 2013款 2.2T 5座柴油豪华版(进口),11.98
/tangshan/ad3bc9d267f21156x.htm#fr_page=list&fr_pos=city&fr_no=22,宝马7系 2019款 改款 730Li M运动套装(进口),72.80
/dg/e830c41f5aaa0c1ax.htm#fr_page=list&fr_pos=city&fr_no=1,现代 朗动 2016款 1.6L 自动尊贵型,7.00
/baotou/55d82f88f63b2308x.htm#fr_page=list&fr_pos=city&fr_no=2,长安 奔奔 2014款 1.4L IMT尊贵天窗型,2.48
/sh/6c9fa6a21df18baex.htm#fr_page=list&fr_pos=city&fr_no=3,本田 思域 2016款 220TURBO CVT尊贵版,11.98
/su/c3ba0903b6ab00aax.htm#fr_page=list&fr_pos=city&fr_no=4,斯柯达 晶锐 2015款 1.4L 自动前行版,5.48
/yangzhou/a72c9124dc68408bx.htm#fr_page=list&fr_pos=city&fr_no=5,传祺GM8 2018款 320T 尊享版,20.20
/yuncheng/54bb879aec70605dx.htm#fr_page=list&fr_pos=city&fr_no=6,别克 昂科拉 2014款 1.4T 自动两驱都市精英型,6.30
/handan/e2d626929b129177x.htm#fr_page=list&fr_pos=city&fr_no=7,本田XR-V 2015款 1.8L VTi CVT豪华版,10.48
/langfang/143f6687b6dd7af9x.htm#fr_page=list&fr_pos=city&fr_no=8,本田 杰德 2016款 1.8L CVT豪华尊享版 5座,11.60
/zz/756daedbab6f2948x.htm#fr_page=list&fr_pos=city&fr_no=9,大众POLO 2018款 1.5L 自动安享型,7.20
/xuzhou/a43f2e22efde3f7fx.htm#fr_page=list&fr_pos=city&fr_no=10,大众POLO 2018款 1.5L 自动安享型,8.60
/qd/f5b1caaf4462d274x.htm#fr_page=list&fr_pos=city&fr_no=11,MINI Countryman 2017款 2.0T COOPER S ALL4,24.88
/wx/58b71fe4d0326489x.htm#fr_page=list&fr_pos=city&fr_no=12,马自达 阿特兹 2015款 2.0L 蓝天时尚版,10.98
/cs/96fb06ac4274e0edx.htm#fr_page=list&fr_pos=city&fr_no=0,别克 君威 2015款 2.0L 领先时尚型,8.78
/nmg/926d3171917fad25x.htm#fr_page=list&fr_pos=city&fr_no=35,丰田 汉兰达 2012款 2.7L 两驱7座豪华版,16.80
/qd/78c6386403e6a5bex.htm#fr_page=list&fr_pos=city&fr_no=36,奔驰GLS级 2016款 GLS 400 4MATIC动感型(进口),69.80
/yc/df5651fe6ef4a0cdx.htm#fr_page=list&fr_pos=city&fr_no=37,本田UR-V 2020款 370TURBO 四驱尊享版,30.99
/cs/bc8777e86f9b231cx.htm#fr_page=list&fr_pos=city&fr_no=38,大众 宝来 2018款 1.5L 自动舒适型,8.72
/sjz/267fecc1e7f68dd3x.htm#fr_page=list&fr_pos=city&fr_no=39,东风风行 风行T5 2021款 1.6L 手动舒适型,6.28
/bj/49197d8e76b135bdx.htm#fr_page=list&fr_pos=city&fr_no=0,别克 英朗 2013款 GT 1.6L 自动时尚版,5.20
/cs/e90e2406b6685cf3x.htm#fr_page=list&fr_pos=city&fr_no=0,日产 轩逸 2016款 1.6XL CVT豪华版,7.93
/sjz/fcaae26f193fb9b4x.htm#fr_page=list&fr_pos=city&fr_no=23,大众 2019款 朗逸启航 1.5L 自动风尚版 国VI,9.18
/jn/b04de6f410caf52bx.htm#fr_page=list&fr_pos=city&fr_no=24,日产 天籁 2013款 2.0L XL舒适版,12.70
/jilin/d22321f01e441b13x.htm#fr_page=list&fr_pos=city&fr_no=25,东风风光330 2018款 1.5L改款手动实用型II DK15,3.50
/handan/b982fa8cb64cdedcx.htm#fr_page=list&fr_pos=city&fr_no=26,铃木 雨燕 2011款 1.5L 自动运动版,3.40
/jn/8bb4f14415c9468bx.htm#fr_page=list&fr_pos=city&fr_no=27,大众 高尔夫 2012款 1.6 自动舒适型,6.85
/wh/09b526e04a833d3ax.htm#fr_page=list&fr_pos=city&fr_no=28,宝马 宝马3系 2010款 2.0T 自动（进口）,8.58
/tangshan/370bb36e85435eddx.htm#fr_page=list&fr_pos=city&fr_no=29,大众 迈腾 2018款 改款 330TSI DSG 豪华型,18.80
/dl/ed6dba6f11840386x.htm#fr_page=list&fr_pos=city&fr_no=30,起亚K5 2012款 2.0L 自动DLX,6.98
/dg/50669ce09f6cd8dbx.htm#fr_page=list&fr_pos=city&fr_no=31,日产 轩逸 2018款 1.6XV CVT尊享版,9.70
/dl/53ddb120def9cca5x.htm#fr_page=list&fr_pos=city&fr_no=32,别克GL8 2005款 2.5L CT1 舒适型,4.50
/cs/c2e1b6145945dfffx.htm#fr_page=list&fr_pos=city&fr_no=33,别克 英朗 2016款 15N 自动精英型,5.95
/qd/8ade178fee53f971x.htm#fr_page=list&fr_pos=city&fr_no=34,标致408 2013款 2.0L 自动豪华版,3.98
/zhuhai/5bb3e8253998078fx.htm#fr_page=list&fr_pos=city&fr_no=35,现代ix25 2017款 1.6L 自动智能型,9.18
/zz/79429063030f813fx.htm#fr_page=list&fr_pos=city&fr_no=36,日产 奇骏 2019款 2.0L CVT智联舒适版 2WD,16.90
/wx/f1c2ad78742576b0x.htm#fr_page=list&fr_pos=city&fr_no=13,奔驰GLA级 2015款 GLA 200 动感型,16.80
/bj/6e5c242604465083x.htm#fr_page=list&fr_pos=city&fr_no=14,大众 蔚领 2018款 230TSI DSG舒适型,11.50
/quanzhou/9f1a4222c1b22d9ex.htm#fr_page=list&fr_pos=city&fr_no=15,雷克萨斯IS 2011款 250 运动版,15.00
/sjz/569567665f22875ax.htm#fr_page=list&fr_pos=city&fr_no=16,大众 速腾 2019款 200TSI DSG舒适型 国VI,12.30
/xm/51ed6800fe7d2d83x.htm#fr_page=list&fr_pos=city&fr_no=17,奥迪A4L 2015款 45 TFSI quattro个性运动型,17.80
/bj/1ac749db3216b908x.htm#fr_page=list&fr_pos=city&fr_no=18,菲亚特 菲翔 2012款 1.4T 手动畅享版,3.20
/yc/88c7c4f97ba2bef6x.htm#fr_page=list&fr_pos=city&fr_no=19,奔驰GLA级 2016款 GLA 220 4MATIC 时尚型,17.68
/bj/9975d8fe4e30e808x.htm#fr_page=list&fr_pos=city&fr_no=20,宝马3系 2011款 318i 领先型,8.80
/bj/3625e9f47619caadx.htm#fr_page=list&fr_pos=city&fr_no=21,雪铁龙C4L 2013款 1.6THP 自动劲智版,5.50
/su/32ab3ebb00fd5bdcx.htm#fr_page=list&fr_pos=city&fr_no=1,大众 凌渡 2015款 230TSI DSG风尚版,9.07
/bj/cc341032c436ff7bx.htm#fr_page=list&fr_pos=city&fr_no=2,奥迪S3 2017款 改款 S3 2.0T Limousine(进口),34.98
/ty/c022811506aee60ex.htm#fr_page=list&fr_pos=city&fr_no=3,铃木 雨燕 2014款 1.3L 手动标准型,4.10
/sz/eaa76fe9e6acf697x.htm#fr_page=list&fr_pos=city&fr_no=4,起亚K3 2016款 1.6L 自动天窗版,6.50
/su/3d64fa4c07d2b043x.htm#fr_page=list&fr_pos=city&fr_no=5,别克 英朗 2017款 15N 自动豪华型,6.79
/cs/bf86e4d7c04b8cafx.htm#fr_page=list&fr_pos=city&fr_no=6,奥迪Q2L 2018款 35TFSI 时尚动感型 国V,18.68
/fz/55f3e2c2d5d90bc2x.htm#fr_page=list&fr_pos=city&fr_no=7,福特 福睿斯 2017款 改款 1.5L 自动舒适型,6.50
/sjz/267fecc1e7f68dd3x.htm#fr_page=list&fr_pos=city&fr_no=0,东风风行 风行T5 2021款 1.6L 手动舒适型,6.28
/nmg/ab1db4f0f2285d2bx.htm#fr_page=list&fr_pos=city&fr_no=1,奔驰GLK级 2013款 GLK 300 4MATIC 动感型,15.80
/rizhao/0d55362d9aece519x.htm#fr_page=list&fr_pos=city&fr_no=2,现代 瑞纳 2016款 1.4L 手动智能型GLS,4.38
/nj/8530931ea302f4f2x.htm#fr_page=list&fr_pos=city&fr_no=3,大众 朗逸 2013款 改款经典 1.6L 自动风尚版,6.98
/baotou/4409967c3bf4f984x.htm#fr_page=list&fr_pos=city&fr_no=4,比亚迪F0 2012款 1.0L 悦酷型,0.98
/gy/eb675b6c2754df4ax.htm#fr_page=list&fr_pos=city&fr_no=5,Smart smart fortwo 2012款 1.0 MHD 硬顶标准版,4.98
/sz/fc4d36a2b6572ecax.htm#fr_page=list&fr_pos=city&fr_no=6,奥迪Q5L 2018款 40 TFSI 荣享时尚型 国V,32.30
/nj/45cd62ddea2312a9x.htm#fr_page=list&fr_pos=city&fr_no=7,别克 昂科拉 2014款 1.4T 自动两驱都市精英型,5.90
/zz/6724153326e7525ax.htm#fr_page=list&fr_pos=city&fr_no=8,宝马5系 2014款 520Li 典雅型,26.30
/jstaizhou/cb5bcc78e2619326x.htm#fr_page=list&fr_pos=city&fr_no=9,大众 朗逸 2015款 1.6L 自动舒适版,7.60
/cs/e90e2406b6685cf3x.htm#fr_page=list&fr_pos=city&fr_no=10,日产 轩逸 2016款 1.6XL CVT豪华版,7.93
/cq/0fad16e4975e54c4x.htm#fr_page=list&fr_pos=city&fr_no=11,哈弗H6 2018款 运动版 1.5T 自动两驱精英型 国V,8.19
/tj/e0fe140ad7229b9dx.htm#fr_page=list&fr_pos=city&fr_no=12,现代 朗动 2016款 1.6L 自动尊贵型,7.95
/cs/bf86e4d7c04b8cafx.htm#fr_page=list&fr_pos=city&fr_no=13,奥迪Q2L 2018款 35TFSI 时尚动感型 国V,18.68
/su/0936aa54e06ea574x.htm#fr_page=list&fr_pos=city&fr_no=14,宝马X2 2019款 sDrive20i M越野套装 国VI(进口),21.20
/cs/0471d3035d29b817x.htm#fr_page=list&fr_pos=city&fr_no=1,本田 凌派 2016款 1.8L CVT舒适版,8.70
/zibo/452580c10d1912f5x.htm#fr_page=list&fr_pos=city&fr_no=2,本田 飞度 2016款 1.5L LXS CVT舒适天窗版,7.68
/tangshan/1382d5725b31c5eax.htm#fr_page=list&fr_pos=city&fr_no=3,奥迪A3 2019款 Limousine 35 TFSI 进取型 国V,15.50
/hf/86598853cd191634x.htm#fr_page=list&fr_pos=city&fr_no=4,本田 凌派 2016款 1.8L CVT舒适版,7.88
/cd/318d294124d4afd3x.htm#fr_page=list&fr_pos=city&fr_no=5,众泰T700 2017款 1.8T 双离合尊享型,8.68
/yc/3ce44f857be16800x.htm#fr_page=list&fr_pos=city&fr_no=6,哈弗 哈弗H6 2019款 1.5T 手动,8.58
/tj/150326175b410609x.htm#fr_page=list&fr_pos=city&fr_no=7,本田 竞瑞 2017款 1.5L CVT舒适版,8.70
/nj/4081ff2b0991a6b4x.htm#fr_page=list&fr_pos=city&fr_no=8,日产 劲客 2017款 1.5L CVT智领版,9.99
/jn/09426c652ca5ecb7x.htm#fr_page=list&fr_pos=city&fr_no=9,大众 凌渡 2015款 280TSI 手动舒适版,9.10
/tj/e0fe140ad7229b9dx.htm#fr_page=list&fr_pos=city&fr_no=10,现代 朗动 2016款 1.6L 自动尊贵型,7.95
/cs/a256e7c892ea3807x.htm#fr_page=list&fr_pos=city&fr_no=11,标致408 2016款 1.6T 自动豪华版,7.58
/su/e1b06a554a1d5093x.htm#fr_page=list&fr_pos=city&fr_no=12,奥迪A3 2019款 Limousine 35 TFSI 时尚型 国V,16.98
/dg/a16942f5b3f66e99x.htm#fr_page=list&fr_pos=city&fr_no=13,本田 缤智 2015款 1.5L CVT两驱舒适型,9.60
/xuzhou/6f58cf113a2b5877x.htm#fr_page=list&fr_pos=city&fr_no=37,宝马5系 2014款 525Li 领先型,26.50
/dl/059d588759066078x.htm#fr_page=list&fr_pos=city&fr_no=38,宝马7系 2014款 730Li 臻享型(进口),38.60
/yuncheng/78f7c7a26a4d8c1ex.htm#fr_page=list&fr_pos=city&fr_no=39,本田CR-V 2017款 240TURBO CVT四驱豪华版,17.80
/hf/c2f9586a452ceaa5x.htm#fr_page=list&fr_pos=city&fr_no=22,大众CC 2019款 380TSI 曜颜版 国V,24.55
/handan/9b362bfd7cb7b42cx.htm#fr_page=list&fr_pos=city&fr_no=23,哈弗H2s 2017款 红标 1.5T 手动舒适型,5.65
/zibo/e74813feb370875cx.htm#fr_page=list&fr_pos=city&fr_no=24,奔驰A级 2013款 A 200 都市型(进口),11.59
/dg/b475c3002160b18ax.htm#fr_page=list&fr_pos=city&fr_no=25,本田 缤智 2017款 1.5L CVT两驱舒适型,10.88
/zz/557af162b0091972x.htm#fr_page=list&fr_pos=city&fr_no=26,日产 阳光 2015款 1.5XE CVT大师版,5.32
/tj/87e312d460e62842x.htm#fr_page=list&fr_pos=city&fr_no=27,比亚迪 秦 2017款 1.5T 尊贵型,9.20
/nmg/216c92b8d794a5c2x.htm#fr_page=list&fr_pos=city&fr_no=28,雷克萨斯CT 2013款 CT200h 花语花忆版,13.00
/su/39449aa786eae17dx.htm#fr_page=list&fr_pos=city&fr_no=29,福田 图雅诺 2019款 2.5T E5,8.80
/taian/409c9ac711a79dc9x.htm#fr_page=list&fr_pos=city&fr_no=30,大众 速腾 2019款 200TSI DSG舒适型 国V,13.66
/su/27d1ce0de2ac4ab1x.htm#fr_page=list&fr_pos=city&fr_no=31,上汽大通 大通V80 2018款 2.5T 6挡手动傲运通长轴中顶7/10座,11.80
/xuzhou/7b58117a382f4412x.htm#fr_page=list&fr_pos=city&fr_no=32,大众 高尔夫 2018款 230TSI 自动舒适型,11.80
/wx/5b27dea222fe7cf9x.htm#fr_page=list&fr_pos=city&fr_no=33,铃木 雨燕 2013款 1.5L 手动标准版,2.50
/ty/051797b1dbfccb0dx.htm#fr_page=list&fr_pos=city&fr_no=34,Smart smart fortwo 2012款 1.0 MHD 硬顶舒适版,4.23
/bj/899f7c60e207a07ex.htm#fr_page=list&fr_pos=city&fr_no=35,Jeep 自由光 2016款 2.4L 领先版,12.20
/qd/2fedffdef291b079x.htm#fr_page=list&fr_pos=city&fr_no=36,现代ix35 2010款 2.0L 自动两驱精英版GLS,4.80
/km/507fe7a3e4ea7b2ex.htm#fr_page=list&fr_pos=city&fr_no=37,大众 高尔夫 2010款 1.4TSI 自动舒适型,5.48
/dg/4ebd48c743dab5d0x.htm#fr_page=list&fr_pos=city&fr_no=38,本田 凌派 2016款 1.8L CVT舒适版,9.70
/handan/5ada3591f1025c12x.htm#fr_page=list&fr_pos=city&fr_no=39,别克 威朗 2020款 20T CVT豪华型,10.75
/yangzhou/f8ad53c7bd014c22x.htm#fr_page=list&fr_pos=city&fr_no=8,别克 昂科拉 2015款 1.4T 自动两驱都市精英型,6.60
/tangshan/7c535c2a47b8f0d5x.htm#fr_page=list&fr_pos=city&fr_no=9,奔驰C级 2019款 C 180 L 时尚型运动版,26.80
/jn/35bdc5c3e5a18597x.htm#fr_page=list&fr_pos=city&fr_no=10,阿尔法·罗密欧 Stelvio 2017款 2.0T 200HP 精英版,27.18
/ganzhou/16ab85dec71f8c30x.htm#fr_page=list&fr_pos=city&fr_no=11,长安 奔奔mini 2012款 1.0L 手动亲情版 国V,1.78
/nj/8530931ea302f4f2x.htm#fr_page=list&fr_pos=city&fr_no=12,大众 朗逸 2013款 改款经典 1.6L 自动风尚版,6.98
/bj/3af9d15112930d05x.htm#fr_page=list&fr_pos=city&fr_no=13,丰田 汉兰达 2012款 2.7L 两驱5座运动版,15.00
/tj/1391833242363fd6x.htm#fr_page=list&fr_pos=city&fr_no=14,雪佛兰 科鲁兹 2015款 1.5L 经典 SE AT,6.00
/nn/ba2cdcacc3dcd8a4x.htm#fr_page=list&fr_pos=city&fr_no=15,别克 英朗 2015款 15N 自动进取型,5.60
/tangshan/e8afb1a5b1eb96fax.htm#fr_page=list&fr_pos=city&fr_no=16,大众 帕萨特 2019款 330TSI 豪华版 国VI,19.30
/ty/23847fa41072823ax.htm#fr_page=list&fr_pos=city&fr_no=17,大众POLO 2013款 1.4L 自动舒适版,5.60
/hf/2675bbf2fab0aaa6x.htm#fr_page=list&fr_pos=city&fr_no=1,沃尔沃S90 2020款 T5 智逸豪华版,28.28
/nc/ee5b76cf5579fc80x.htm#fr_page=list&fr_pos=city&fr_no=2,丰田 YARiS L 致炫 2019款 1.5E CVT魅动版 国VI,7.48
/jn/ddca6d486e7bbbc8x.htm#fr_page=list&fr_pos=city&fr_no=3,丰田 FJ酷路泽 2017款 4.0L 自动（平行进口）,53.18
/zibo/65cae1822b6856a9x.htm#fr_page=list&fr_pos=city&fr_no=4,别克 英朗 2018款 18T 自动精英型,6.98
/weifang/7c02bddef7f88db3x.htm#fr_page=list&fr_pos=city&fr_no=5,启辰T70 2019款 2.0L CVT睿享版 国V,8.80
/km/d32b42b2f7120c2ex.htm#fr_page=list&fr_pos=city&fr_no=6,奔驰E级 2018款 E 300 L 运动时尚型,39.80
/hf/51c36aed53a7588cx.htm#fr_page=list&fr_pos=city&fr_no=7,雪铁龙 爱丽舍 2012款 三厢 1.6L 自动科技型,2.78
/luzhou/bacf8a74ab3c1d0cx.htm#fr_page=list&fr_pos=city&fr_no=8,起亚K5 2012款 2.0L 自动DLX,7.80
/ty/c326175fba438d78x.htm#fr_page=list&fr_pos=city&fr_no=9,雪佛兰 科鲁兹 2012款 1.6L SE AT,3.88
/ty/7200097c65f4e18dx.htm#fr_page=list&fr_pos=city&fr_no=10,丰田 普拉多 2.7L 自动（平行进口）,40.98
/zz/1d00f6bd7b376f19x.htm#fr_page=list&fr_pos=city&fr_no=11,日产 天籁 2018款 2.0L XL 智进版,14.25
/luzhou/58c33d8a285a4739x.htm#fr_page=list&fr_pos=city&fr_no=12,别克 凯越 2013款 1.5L 手动尊享型,2.98
/gz/9562706cefac37dbx.htm#fr_page=list&fr_pos=city&fr_no=13,大众 速腾 2011款 1.6L 自动舒适型,4.20
/zz/1e0b671aa0534077x.htm#fr_page=list&fr_pos=city&fr_no=14,雪佛兰 科鲁兹 2016款 1.5L 自动时尚天窗版,5.30
/sy/ea7ce58bb700df33x.htm#fr_page=list&fr_pos=city&fr_no=15,五菱宏光 2014款 1.5L 基本型,2.90
/ganzhou/beadf3c94e524a9bx.htm#fr_page=list&fr_pos=city&fr_no=16,本田 锋范 2017款 1.5L CVT舒适版,6.80
/tangshan/7c535c2a47b8f0d5x.htm#fr_page=list&fr_pos=city&fr_no=15,奔驰C级 2019款 C 180 L 时尚型运动版,26.80
/dl/4bb93346ea487bfcx.htm#fr_page=list&fr_pos=city&fr_no=16,别克 威朗 2015款 三厢 15S 自动领先型,7.28
/gz/b564a8d314f3144ex.htm#fr_page=list&fr_pos=city&fr_no=17,宝马X1 2019款 sDrive18Li 时尚型,19.50
/bj/192e03f2671017bbx.htm#fr_page=list&fr_pos=city&fr_no=18,大众 高尔夫 2014款 1.4TSI 豪华旅行版(进口),12.80
/tangshan/5a663af1f8d841b9x.htm#fr_page=list&fr_pos=city&fr_no=19,丰田 亚洲龙 2019款 双擎 2.5L 豪华版 国VI,24.30
/ty/aae9e7d06e702447x.htm#fr_page=list&fr_pos=city&fr_no=20,雪佛兰 迈锐宝 2018款 530T 自动豪华版,9.50
/zz/3e857fe902e23ed2x.htm#fr_page=list&fr_pos=city&fr_no=21,宝马3系 2012款 318i领先型(进口),8.70
/xa/01183df9c9020b67x.htm#fr_page=list&fr_pos=city&fr_no=22,大众 朗逸 2015款 1.6L 自动舒适版,8.35
/dl/4260876c91a713e2x.htm#fr_page=list&fr_pos=city&fr_no=23,大众 桑塔纳经典 2007款 1.8L 景畅型,2.50
/su/e1b06a554a1d5093x.htm#fr_page=list&fr_pos=city&fr_no=24,奥迪A3 2019款 Limousine 35 TFSI 时尚型 国V,16.98
/cs/83e960a9580053a5x.htm#fr_page=list&fr_pos=city&fr_no=25,别克GL6 2018款 18T 6座豪华型,10.28
/wh/abd6b3d9e0442e3cx.htm#fr_page=list&fr_pos=city&fr_no=26,丰田 凯美瑞 2019款 2.0G 豪华版 国VI,19.98
/ty/4c16e5be41e59d5ax.htm#fr_page=list&fr_pos=city&fr_no=27,起亚 智跑 2014款 2.0L 自动两驱版GLS,7.45
/jstaizhou/cb5bcc78e2619326x.htm#fr_page=list&fr_pos=city&fr_no=14,大众 朗逸 2015款 1.6L 自动舒适版,7.60
/xa/a974f7b759259547x.htm#fr_page=list&fr_pos=city&fr_no=15,哈弗M6 2018款 改款 1.5T DCT两驱精英型,6.60
/zhongshan/30732e0e216462cdx.htm#fr_page=list&fr_pos=city&fr_no=16,起亚K3 2017款 1.6L 自动15周年特别版GLS,7.99
/sjz/723fb84dde8eb09ax.htm#fr_page=list&fr_pos=city&fr_no=17,起亚K3 2016款 1.6L 自动GLS,7.55
/cq/0fad16e4975e54c4x.htm#fr_page=list&fr_pos=city&fr_no=18,哈弗H6 2018款 运动版 1.5T 自动两驱精英型 国V,8.19
/xa/01183df9c9020b67x.htm#fr_page=list&fr_pos=city&fr_no=19,大众 朗逸 2015款 1.6L 自动舒适版,8.35
/sz/2367c8b48dc80febx.htm#fr_page=list&fr_pos=city&fr_no=20,雪佛兰 迈锐宝XL 2019款 535T CVT锐动版,11.32
/zhongshan/141ea004d90aea41x.htm#fr_page=list&fr_pos=city&fr_no=21,别克 威朗 2017款 三厢 15S 自动进取型,7.55
/liaocheng/8178bd74a8ddca47x.htm#fr_page=list&fr_pos=city&fr_no=22,大众 宝来 2015款 质惠版 1.6L 自动时尚型,6.90
/bj/192e03f2671017bbx.htm#fr_page=list&fr_pos=city&fr_no=23,大众 高尔夫 2014款 1.4TSI 豪华旅行版(进口),12.80
/wei/834b0a9c9d7bd339x.htm#fr_page=list&fr_pos=city&fr_no=24,大众POLO 2018款 1.5L 自动安驾型,7.20
/dl/4bb93346ea487bfcx.htm#fr_page=list&fr_pos=city&fr_no=25,别克 威朗 2015款 三厢 15S 自动领先型,7.28
/xuzhou/8ab9f58a75cc3840x.htm#fr_page=list&fr_pos=city&fr_no=26,大众 朗逸 2013款 改款经典 1.6L 自动风尚版,8.00
/suqian/6aa7ed35614c32d6x.htm#fr_page=list&fr_pos=city&fr_no=27,现代 名图 2014款 1.8L 自动尊贵型DLX,8.30
/hf/a2926a1fe9878d68x.htm#fr_page=list&fr_pos=city&fr_no=28,大众 帕萨特 2016款 330TSI DSG尊荣版,14.58
/jn/7a710a85eec16bf4x.htm#fr_page=list&fr_pos=city&fr_no=29,现代 悦纳 2016款 1.4L 手动炫酷版GLS,5.48
/ty/aae9e7d06e702447x.htm#fr_page=list&fr_pos=city&fr_no=30,雪佛兰 迈锐宝 2018款 530T 自动豪华版,9.50
/xm/3c03454f0ff4c7efx.htm#fr_page=list&fr_pos=city&fr_no=18,凯迪拉克XTS 2018款 28T 技术型,19.80
/tj/7d7f427b5a4cb328x.htm#fr_page=list&fr_pos=city&fr_no=19,福特 福克斯 2012款 两厢 1.6L 自动舒适型,6.10
/bj/01449ccc0ed0ceb4x.htm#fr_page=list&fr_pos=city&fr_no=20,奥迪A6L 2011款 2.0 TFSI 自动舒适型,13.50
/yangzhou/797c77b68fd54f77x.htm#fr_page=list&fr_pos=city&fr_no=21,雪佛兰 科鲁兹 2015款 1.5L 经典 SL MT,4.58
/gz/cef221d04afb42c4x.htm#fr_page=list&fr_pos=city&fr_no=22,宝马3系 2018款 320Li 时尚型,24.50
/qd/9abc3c3a783d722fx.htm#fr_page=list&fr_pos=city&fr_no=23,宝马2系旅行车 2016款 218i 运动设计套装,13.20
/bj/f462aad7fee943fex.htm#fr_page=list&fr_pos=city&fr_no=24,比亚迪F3 2012款 节能版 1.5L 手动舒适型,2.90
/baotou/4409967c3bf4f984x.htm#fr_page=list&fr_pos=city&fr_no=25,比亚迪F0 2012款 1.0L 悦酷型,0.98
/zz/6724153326e7525ax.htm#fr_page=list&fr_pos=city&fr_no=26,宝马5系 2014款 520Li 典雅型,26.30
/tangshan/29e5508493cc07a9x.htm#fr_page=list&fr_pos=city&fr_no=27,奥迪A4L 2019款 40 TFSI 进取型 国VI,26.20
/zz/3e857fe902e23ed2x.htm#fr_page=list&fr_pos=city&fr_no=28,宝马3系 2012款 318i领先型(进口),8.70
/jilin/b2cd9d3f78e19c59x.htm#fr_page=list&fr_pos=city&fr_no=17,大众 速腾 2014款 改款 1.4TSI 自动豪华型,8.88
/zibo/c1bd1ed1013e7e6bx.htm#fr_page=list&fr_pos=city&fr_no=18,奇瑞 瑞虎3X 2017款 1.5L 自动都市领先版,4.28
/zibo/c8128f40fc477c21x.htm#fr_page=list&fr_pos=city&fr_no=19,吉利 帝豪 2014款 三厢 1.5L 手动时尚型,3.15
/linfen/2c6f2cc377e34e70x.htm#fr_page=list&fr_pos=city&fr_no=20,大众 帕萨特 2019款 330TSI 豪华版 国V,18.90
/luoyang/3b76d4f86d6c4cbdx.htm#fr_page=list&fr_pos=city&fr_no=21,大众POLO 2011款 1.6L 自动致尚版,4.18
/gz/af9c2d8a71ce6a2bx.htm#fr_page=list&fr_pos=city&fr_no=22,菲亚特 菲翔 2012款 1.4T 手动畅享版,2.89
/zibo/7c9e79b3fbb36747x.htm#fr_page=list&fr_pos=city&fr_no=23,奔驰C级 2017款 改款 C 180 L 时尚型运动版,23.65
/weifang/70c5a99b229d1f08x.htm#fr_page=list&fr_pos=city&fr_no=24,凯迪拉克XT6 2020款 28T 六座豪华型,37.00
/ty/4312fdef8d0910dax.htm#fr_page=list&fr_pos=city&fr_no=25,雪佛兰 科鲁兹 2015款 掀背 1.6L 自动舒适版,5.50
/hf/2b2805a5dd999752x.htm#fr_page=list&fr_pos=city&fr_no=26,Jeep 牧马人  2.0T 自动 （平行进口）,46.00
/bj/2e6c28f95858383dx.htm#fr_page=list&fr_pos=city&fr_no=27,雪佛兰 科鲁兹 2009款 1.8L SE AT,3.80
/ty/cf5a550c454cdaaax.htm#fr_page=list&fr_pos=city&fr_no=28,现代 朗动 2016款 1.6L 自动尊贵型,7.58
/suqian/6aa7ed35614c32d6x.htm#fr_page=list&fr_pos=city&fr_no=28,现代 名图 2014款 1.8L 自动尊贵型DLX,8.30
/bj/cc341032c436ff7bx.htm#fr_page=list&fr_pos=city&fr_no=29,奥迪S3 2017款 改款 S3 2.0T Limousine(进口),34.98
/xm/3c03454f0ff4c7efx.htm#fr_page=list&fr_pos=city&fr_no=30,凯迪拉克XTS 2018款 28T 技术型,19.80
/jn/35bdc5c3e5a18597x.htm#fr_page=list&fr_pos=city&fr_no=31,阿尔法·罗密欧 Stelvio 2017款 2.0T 200HP 精英版,27.18
/zibo/452580c10d1912f5x.htm#fr_page=list&fr_pos=city&fr_no=32,本田 飞度 2016款 1.5L LXS CVT舒适天窗版,7.68
/tangshan/29e5508493cc07a9x.htm#fr_page=list&fr_pos=city&fr_no=33,奥迪A4L 2019款 40 TFSI 进取型 国VI,26.20
/ganzhou/16ab85dec71f8c30x.htm#fr_page=list&fr_pos=city&fr_no=34,长安 奔奔mini 2012款 1.0L 手动亲情版 国V,1.78
/qd/9abc3c3a783d722fx.htm#fr_page=list&fr_pos=city&fr_no=35,宝马2系旅行车 2016款 218i 运动设计套装,13.20
/yc/3ce44f857be16800x.htm#fr_page=list&fr_pos=city&fr_no=36,哈弗 哈弗H6 2019款 1.5T 手动,8.58
/qd/d0eeb19a92b19828x.htm#fr_page=list&fr_pos=city&fr_no=37,福特 福克斯 2012款 两厢 1.6L 自动风尚型,4.20
/sz/2367c8b48dc80febx.htm#fr_page=list&fr_pos=city&fr_no=38,雪佛兰 迈锐宝XL 2019款 535T CVT锐动版,11.32
/tangshan/e8afb1a5b1eb96fax.htm#fr_page=list&fr_pos=city&fr_no=39,大众 帕萨特 2019款 330TSI 豪华版 国VI,19.30
/xa/7cfac8ca033c989cx.htm#fr_page=list&fr_pos=city&fr_no=31,起亚 智跑 2015款 2.0L 自动两驱版DLX,11.00
/sy/45ba8787860ff35fx.htm#fr_page=list&fr_pos=city&fr_no=32,奥迪A4L 2016款 35 TFSI 自动标准型,16.50
/xm/9efe2cc1e8488b85x.htm#fr_page=list&fr_pos=city&fr_no=33,标致2008 2014款 1.6L 自动时尚版,7.80
/wh/abd6b3d9e0442e3cx.htm#fr_page=list&fr_pos=city&fr_no=34,丰田 凯美瑞 2019款 2.0G 豪华版 国VI,19.98
/tangshan/5a663af1f8d841b9x.htm#fr_page=list&fr_pos=city&fr_no=35,丰田 亚洲龙 2019款 双擎 2.5L 豪华版 国VI,24.30
/cs/83e960a9580053a5x.htm#fr_page=list&fr_pos=city&fr_no=36,别克GL6 2018款 18T 6座豪华型,10.28
/changzhou/24187fdb9e0c5ba2x.htm#fr_page=list&fr_pos=city&fr_no=37,别克 昂科威 2016款 20T 两驱精英型,12.78
/nn/53c370a9d235a5d4x.htm#fr_page=list&fr_pos=city&fr_no=38,起亚KX3 2015款 1.6L 自动Special,7.48
/rizhao/8acb1d1db59c7512x.htm#fr_page=list&fr_pos=city&fr_no=39,别克 君越 2016款 20T 精英型,13.68
/dl/4260876c91a713e2x.htm#fr_page=list&fr_pos=city&fr_no=29,大众 桑塔纳经典 2007款 1.8L 景畅型,2.50
/nmg/66e526b91d333547x.htm#fr_page=list&fr_pos=city&fr_no=30,福特 嘉年华 2013款 两厢 1.5L 自动时尚型,4.79
/hrb/fe903aef04ecedb5x.htm#fr_page=list&fr_pos=city&fr_no=31,雪佛兰 2015款 赛欧3 1.3L AMT理想版,3.98
/luoyang/f8bb160bc27c90d3x.htm#fr_page=list&fr_pos=city&fr_no=32,雪佛兰 乐风RV 2016款 1.5L 自动畅行版,4.44
/km/ab3f369b95fd8df0x.htm#fr_page=list&fr_pos=city&fr_no=33,大众 途观 2010款 1.8TSI 自动四驱菁英版,8.80
/sz/fc4d36a2b6572ecax.htm#fr_page=list&fr_pos=city&fr_no=34,奥迪Q5L 2018款 40 TFSI 荣享时尚型 国V,32.30
/nmg/ab1db4f0f2285d2bx.htm#fr_page=list&fr_pos=city&fr_no=35,奔驰GLK级 2013款 GLK 300 4MATIC 动感型,15.80
/dezhou/d335f55ffa5cf012x.htm#fr_page=list&fr_pos=city&fr_no=36,雪佛兰 科鲁兹 2013款 1.6L SL MT,2.80
/su/1ac3184c8886d21ax.htm#fr_page=list&fr_pos=city&fr_no=37,奔驰GLA级 2019款 GLA 200 动感型,22.50
/baotou/00c8f2cece57baecx.htm#fr_page=list&fr_pos=city&fr_no=0,长安CS55 2017款 1.5T 自动炫动型,8.38
/sh/ba1cda6b3cb8385dx.htm#fr_page=list&fr_pos=city&fr_no=29,日产 蓝鸟 2016款 1.6L CVT炫酷版,9.80
/sy/70d2fac86f1860b8x.htm#fr_page=list&fr_pos=city&fr_no=30,雪佛兰 科鲁兹 2009款 1.8L SE AT,2.45
/foshan/bb0b770cc49c4334x.htm#fr_page=list&fr_pos=city&fr_no=31,大众 高尔夫 2010款 1.6 自动舒适型,3.80
/zibo/39cd2b6ce695dc4fx.htm#fr_page=list&fr_pos=city&fr_no=32,传祺GS3 2017款 200T 自动尊贵版,7.98
/cq/0b4cf23f89317bc1x.htm#fr_page=list&fr_pos=city&fr_no=33,福特 福睿斯 2015款 1.5L 自动时尚型,6.50
/zhongshan/bc78626dba37443bx.htm#fr_page=list&fr_pos=city&fr_no=34,中华V3 2016款 1.5T 自动旗舰型,4.50
/quanzhou/d5effd6c2578ef33x.htm#fr_page=list&fr_pos=city&fr_no=35,本田XR-V 2017款 1.5L LXi CVT经典版,11.30
/tj/b717c748fe0aeccbx.htm#fr_page=list&fr_pos=city&fr_no=36,日产 轩逸 2009款 1.6XL 自动豪华天窗版,4.60
/yangzhou/0e44ed3253465039x.htm#fr_page=list&fr_pos=city&fr_no=37,丰田 RAV4 2016款 2.0L CVT两驱都市版 国V,15.50
/km/3617b24acac96da3x.htm#fr_page=list&fr_pos=city&fr_no=38,雪佛兰 科沃兹 2019款 320 自动欣享天窗版,5.98
/yangzhou/26b3730700e0a175x.htm#fr_page=list&fr_pos=city&fr_no=39,奥迪A4L 2019款 40 TFSI 时尚型 国VI,26.80
/su/06d65c6762ae48d4x.htm#fr_page=list&fr_pos=city&fr_no=0,纳智捷 大7 MPV 2016款 2.0T 舒享型,11.80
/su/0936aa54e06ea574x.htm#fr_page=list&fr_pos=city&fr_no=38,宝马X2 2019款 sDrive20i M越野套装 国VI(进口),21.20
/gz/b91b9a3982e0897ex.htm#fr_page=list&fr_pos=city&fr_no=39,比亚迪F0 2011款 尚酷版 1.0L 悦酷型,0.88
/nc/028ba211aa361608x.htm#fr_page=list&fr_pos=city&fr_no=1,宝马2系旅行车 2016款 218i 领先型,13.80
/tj/914b068574f4d670x.htm#fr_page=list&fr_pos=city&fr_no=2,哈弗H1 2017款 红标 1.5L AMT舒适型,4.90
/sy/0f44d657e2ed32c8x.htm#fr_page=list&fr_pos=city&fr_no=3,丰田 汉兰达 2015款 2.0T 四驱精英版 7座,25.30
/luoyang/1848dccf127d31d0x.htm#fr_page=list&fr_pos=city&fr_no=4,路虎 揽胜极光 2017款 2.0T 敞篷版(进口),37.80
/nc/538817dc57f75829x.htm#fr_page=list&fr_pos=city&fr_no=5,长安CS35 2016款 1.6L 手动豪华型 国IV,3.65
/foshan/d0fc4d40f8f3f5f1x.htm#fr_page=list&fr_pos=city&fr_no=6,丰田 雷凌 2017款 改款 185T CVT精英版 国V,8.98
/bj/786f28dd80084326x.htm#fr_page=list&fr_pos=city&fr_no=7,宝马5系 2011款 535i 豪华运动型(进口),21.80
/dl/311e1f6a19e3cd4ax.htm#fr_page=list&fr_pos=city&fr_no=8,东风 帅客 2016款 1.5L 手动标准型,4.20
/jilin/813b5c3518d4b1b1x.htm#fr_page=list&fr_pos=city&fr_no=9,大众 途锐 2019款 3.0TSI 锐智版 国V(进口),57.80
/sz/206c5e9372d2e8fdx.htm#fr_page=list&fr_pos=city&fr_no=10,本田 思域 2016款 220TURBO CVT尊贵版,12.32
/hrb/bbe4d38f95607629x.htm#fr_page=list&fr_pos=city&fr_no=11,哈弗H6 2015款 改款 运动版 1.5T 手动两驱精英型,6.30
/jn/3ed2aee125d181f3x.htm#fr_page=list&fr_pos=city&fr_no=12,起亚K2 2015款 三厢 1.4L AT GLS,5.15
/sh/3caa45002fb7e862x.htm#fr_page=list&fr_pos=city&fr_no=13,雪佛兰 迈锐宝 2012款 2.0L 自动豪华版,6.78
/sy/aff68993f81482bfx.htm#fr_page=list&fr_pos=city&fr_no=14,大众POLO 2016款 1.4L 手动风尚型,5.30
/wh/5033b04517caeec1x.htm#fr_page=list&fr_pos=city&fr_no=15,大众POLO 2014款 1.6L 自动舒适版,5.50
/xa/06b96b96cbc7eb03x.htm#fr_page=list&fr_pos=city&fr_no=16,丰田 逸致 2012款 180E 手动精英版,6.58
/jilin/dac08371d6cbd6aex.htm#fr_page=list&fr_pos=city&fr_no=17,大众 速腾 2012款 1.6L 自动舒适型,6.35
/nantong/60ee1abecc64f962x.htm#fr_page=list&fr_pos=city&fr_no=18,别克GL8 2012款 2.4L BASE舒适版,6.70
/wx/f0bbd3507baac9b7x.htm#fr_page=list&fr_pos=city&fr_no=1,哈弗H7 2019款 2.0T 智享型 国VI,11.60
/dg/65f7bca1a8d91c52x.htm#fr_page=list&fr_pos=city&fr_no=2,奥迪A3 2014款 Limousine 35 TFSI 自动进取型,11.28
/foshan/75f21b4884ae7d54x.htm#fr_page=list&fr_pos=city&fr_no=3,斯柯达 昕动 2016款 改款 1.6L 自动前行版,5.98
/sh/69eac53308d2cdc5x.htm#fr_page=list&fr_pos=city&fr_no=4,MINI 2016款 1.2T ONE 先锋派 五门版,16.20
/zz/ed4b66e9447af4ffx.htm#fr_page=list&fr_pos=city&fr_no=5,丰田 兰德酷路泽 4.0自动8座（平行进口）,67.00
/cq/67ffda7b51d604dex.htm#fr_page=list&fr_pos=city&fr_no=6,福特 福睿斯 2017款 改款 1.5L 自动舒适型,6.00
/wh/52015638a1f4bd7dx.htm#fr_page=list&fr_pos=city&fr_no=7,本田 飞度 2008款 1.3L 自动舒适版,3.00
/bj/a5bdf806ad4753ebx.htm#fr_page=list&fr_pos=city&fr_no=8,丰田 花冠 2013款 1.6L 自动豪华版,6.18
/fz/8c1525d4018f2dbdx.htm#fr_page=list&fr_pos=city&fr_no=9,日产 逍客 2011款 2.0XL 火 6MT 2WD,4.30
/nj/a434434084024025x.htm#fr_page=list&fr_pos=city&fr_no=10,Jeep 自由光 2017款 2.4L 领先版智能包,12.38
/jilin/f325e38184e61506x.htm#fr_page=list&fr_pos=city&fr_no=11,宝马1系 2013款 改款 116i 领先型(进口),11.00
/taian/8b57a3fdb0a0dd9ex.htm#fr_page=list&fr_pos=city&fr_no=12,宝马X1 2015款 sDrive18i 领先晋级版,14.88
/baotou/ca5ecc4fe3c90364x.htm#fr_page=list&fr_pos=city&fr_no=13,日产 逍客 2017款 2.0L CVT智享版 国V,11.80
/fz/5b171aee37b8967ex.htm#fr_page=list&fr_pos=city&fr_no=14,本田 凌派 2016款 1.8L CVT豪华版,8.80
/wenzhou/39b8f9dba03b2a4ax.htm#fr_page=list&fr_pos=city&fr_no=19,现代 名图 2017款 1.8L 自动尊贵型DLX 国V,9.80
/su/718fd4f4ed7f10c9x.htm#fr_page=list&fr_pos=city&fr_no=20,别克 威朗 2018款 三厢 20T 双离合领先型,8.38
/sz/08499f72ca3b7f2ex.htm#fr_page=list&fr_pos=city&fr_no=21,本田 杰德 2014款 1.8L 自动舒适精英版 5座,9.68
/gz/d9794be4623ef6f0x.htm#fr_page=list&fr_pos=city&fr_no=22,别克 英朗 2010款 XT 1.6T 时尚运动版,3.80
/jiaxing/e176a244ac4e4bd0x.htm#fr_page=list&fr_pos=city&fr_no=23,日产 蓝鸟 2016款 1.6L CVT智酷版,7.69
/tj/db3eef75e6647ad2x.htm#fr_page=list&fr_pos=city&fr_no=24,大众 宝来 2011款 1.6L 自动时尚型,4.10
/tj/d4b46b63a74b910ax.htm#fr_page=list&fr_pos=city&fr_no=25,雪铁龙 世嘉 2013款 三厢 1.6L 手动品尚型,4.45
/nj/025d65d9dbc7859cx.htm#fr_page=list&fr_pos=city&fr_no=26,Jeep 指南者 2011款 2.4L 四驱运动版(进口),6.38
/ganzhou/8c277a3fc8d9427fx.htm#fr_page=list&fr_pos=city&fr_no=27,马自达 昂克赛拉 2019款 云控版 三厢 1.5L 自动豪华型 国V,12.22
/hz/be9ec96383cda6c0x.htm#fr_page=list&fr_pos=city&fr_no=28,福特 翼虎 2013款 1.6L GTDi 两驱舒适型,6.99
/dl/8c743f547064ddb0x.htm#fr_page=list&fr_pos=city&fr_no=29,宝马5系 2009款 520Li 领先型,7.68
/sy/cbb9b163130e2269x.htm#fr_page=list&fr_pos=city&fr_no=30,现代 朗动 2016款 1.6L 手动尊贵型,6.20
/wei/b0b6e66d9fde7992x.htm#fr_page=list&fr_pos=city&fr_no=31,奔腾X40 2018款 网红版 1.6L 自动豪华型,5.98
/hf/931555f11be8804fx.htm#fr_page=list&fr_pos=city&fr_no=32,福特 福克斯 2012款 三厢 1.6L 手动舒适型,3.88
/jinhua/6809d45a7f4b4d0bx.htm#fr_page=list&fr_pos=city&fr_no=33,别克 昂科威 2017款 20T 两驱精英型,13.40
/langfang/1567eb220f8820c3x.htm#fr_page=list&fr_pos=city&fr_no=15,长安CX20 2014款 1.4L 手动运动版 国V,2.35
/xm/526f722e4cda9272x.htm#fr_page=list&fr_pos=city&fr_no=16,福特 福克斯 2012款 三厢 1.6L 自动风尚型,4.98
/quanzhou/c49020b42d6f5ce0x.htm#fr_page=list&fr_pos=city&fr_no=17,丰田 威驰 2014款 1.3L 手动型尚版,4.30
/su/5ad205236e974324x.htm#fr_page=list&fr_pos=city&fr_no=18,江淮 瑞风S3 2014款 1.5L 手动豪华型,2.85
/jilin/558d5366a6b6f9d4x.htm#fr_page=list&fr_pos=city&fr_no=19,雪佛兰 科鲁兹 2011款 1.6L SE AT,3.60
/nmg/4e52c90cc0ae67aax.htm#fr_page=list&fr_pos=city&fr_no=20,哈弗H1 2016款 蓝标 1.5L AMT都市型,4.40
/zz/fd26a2ac2774aae1x.htm#fr_page=list&fr_pos=city&fr_no=21,福特 福克斯 2012款 两厢 1.6L 自动风尚型,4.98
/xa/31361b75897a1827x.htm#fr_page=list&fr_pos=city&fr_no=22,福特 福睿斯 2015款 1.5L 自动时尚型,6.60
/hrb/532b0c7dec7bc00fx.htm#fr_page=list&fr_pos=city&fr_no=23,大众 桑塔纳 2015款 1.4L 手动风尚版,5.20
/fz/d04592e2f766bf93x.htm#fr_page=list&fr_pos=city&fr_no=24,观致3 2016款 三厢 1.6T 自动致臻型,4.60
/changzhou/702398eb60bea72dx.htm#fr_page=list&fr_pos=city&fr_no=25,福特 蒙迪欧 2013款 1.5L GTDi180时尚型,10.20
/dg/4c7990a8759afd95x.htm#fr_page=list&fr_pos=city&fr_no=26,宝马1系 2019款 118i M运动套装,17.50
/dl/6fa9db4111c500dbx.htm#fr_page=list&fr_pos=city&fr_no=27,奔驰 奔驰GL级  3.0T自动（平行进口）,39.80
/fz/9504d8651529383fx.htm#fr_page=list&fr_pos=city&fr_no=28,大众 朗逸 2013款 改款经典 1.6L 自动舒适版,6.90
/km/eefd2768669bbe72x.htm#fr_page=list&fr_pos=city&fr_no=29,长城M4 2012款 1.5L 手动舒适型,2.45
/jiaxing/c0c7316156b2db31x.htm#fr_page=list&fr_pos=city&fr_no=30,别克 英朗 2013款 XT 1.6L 自动时尚版,4.68
/cq/3c09791ff30ca92bx.htm#fr_page=list&fr_pos=city&fr_no=31,现代 悦动 2011款 1.6L 自动豪华型,4.60
/zhuhai/c2c25bb8435b54abx.htm#fr_page=list&fr_pos=city&fr_no=32,海马S5 2015款 1.5T CVT旗舰型,4.58
/luzhou/e55ba4aa05ca1254x.htm#fr_page=list&fr_pos=city&fr_no=33,大众 高尔夫·嘉旅 2018款 1.6L 自动舒适型,8.98
/ganzhou/d1ea244f0ff2c07ex.htm#fr_page=list&fr_pos=city&fr_no=34,本田 雅阁 2016款 2.0L 舒适版,13.99
/gz/ae0c9819d58e5cabx.htm#fr_page=list&fr_pos=city&fr_no=35,标致3008 2013款 1.6THP 自动潮流版,6.80
/xa/d16b9f81002f5845x.htm#fr_page=list&fr_pos=city&fr_no=36,本田 思域 2009款 1.8L 自动舒适版,4.88
/jiaxing/3924163a6aff3d14x.htm#fr_page=list&fr_pos=city&fr_no=37,大众 帕萨特 2011款 1.8TSI DSG尊荣版,7.88
/nb/a50210ea903349b9x.htm#fr_page=list&fr_pos=city&fr_no=38,马自达3 2010款 1.6L 手动经典时尚型,3.68
/fz/9015382321babb33x.htm#fr_page=list&fr_pos=city&fr_no=39,日产 蓝鸟 2016款 1.6L CVT智酷版,8.46
/nb/7cc67ded762bd792x.htm#fr_page=list&fr_pos=city&fr_no=34,日产 骐达 2011款 1.6L 手动智能型,5.20
/bj/b34cfa7f81f45863x.htm#fr_page=list&fr_pos=city&fr_no=35,现代ix35 2012款 2.4L 自动两驱尊贵版GLS,6.80
/xm/a50954d58853fd51x.htm#fr_page=list&fr_pos=city&fr_no=36,宝马3系 2012款 320i 时尚型,8.98
/nj/ecc2b211b0cf5fcdx.htm#fr_page=list&fr_pos=city&fr_no=37,别克 英朗 2015款 15N 自动精英型,6.68
/sy/b7eedefd30988ad1x.htm#fr_page=list&fr_pos=city&fr_no=38,日产 轩逸 2014款 1.6XV CVT尊享版,7.35
/jinhua/4613b6de76cb8046x.htm#fr_page=list&fr_pos=city&fr_no=39,雪佛兰 迈锐宝 2016款 2.0L 自动豪华版,9.38
